{"ex1": {"mean": 3.5, "var": 2.9166666666666665}, "ex2": {"hist": "left"}, "ex3": {"sum_2_8": 0.07, "sum_3_7": 0.125, "sum_4_6": 0.18, "sum_5": 0.25}, "ex5": {"hist": "right"}, "ex6": {"max_sum": 2}, "ex7": {"hist": "left-center"}, "ex9": {"mean": "increases", "var": "increases", "cov": "increases"}, "ex4": {"mean": 5.0, "var": 2.499, "cov": -0.001}, "ex11": {"options": "changing the direction of the inequality will change the sign of the covariance"}, "ex12": {"options": "yes, regardless if the die is fair or not"}, "ex8": {"hist": "right-most"}, "ex10": {"options": "changing the loaded side from 1 to 6 will yield a higher mean but the same variance"}}